capture,sample_id,adapter,hci,test,model,controllers,total_active,roles,requested_seconds,sampled_seconds,avg_updates_per_second,avg_available_displayed_p95_ms,controllers_with_p95,longest_displayed_gap_ms
capture-20260914-224751-673538,A24,Feasycom,hci0,nearby,ZCM1,7,7,Central,5,4.574,78.268345,24.633143,7,52.38
capture-20260914-225312-993687,A24,Feasycom,hci0,nearby mixed,ZCM1,5,7,Central,5,3.391,82.859538,23.95,5,41.4
capture-20260914-225312-993687,A24,Feasycom,hci0,nearby mixed,ZCM2,2,7,Central,5,3.391,106.154568,16.47,2,41.44
capture-20260914-225607-076661,A24,Feasycom,hci0,distance,ZCM1,5,6,Central,5,4.493,35.964738,79.252,5,307.99
capture-20260914-225607-076661,A24,Feasycom,hci0,distance,ZCM2,1,6,Central,5,4.493,54.970855,45.876,1,115.41
capture-20260914-230214-553179,A20,Sena,hci0,nearby,ZCM1,7,7,Central,5,4.639,79.364483,23.984857,7,47.84
capture-20260914-230342-499133,A20,Sena,hci0,nearby mixed,ZCM1,5,7,Central,5,4.588,81.075628,23.9932,5,40.46
capture-20260914-230342-499133,A20,Sena,hci0,nearby mixed,ZCM2,2,7,Central,5,4.588,108.972618,16.366,2,32.76
capture-20260914-230529-946412,A20,Sena,hci0,distance,ZCM1,5,7,Central,5,4.473,13.460001,229.3428,5,1055.56
capture-20260914-230529-946412,A20,Sena,hci0,distance,ZCM2,2,7,Central,5,4.473,5.925083,382.837,2,688.37
capture-20260914-231257-717760,dual,Sena,hci0,simultaneous R01,ZCM1,7,14,Central,5,3.853,80.685837,23.85,7,46.23
capture-20260914-231257-717760,dual,Feasycom,hci1,simultaneous R01,ZCM1,7,14,Central,5,3.853,66.706719,29.173214,7,72.75
capture-20260914-231441-171786,dual,Sena,hci0,simultaneous R02,ZCM1,7,14,Central,5,4.787,11.401065,2567.016857,7,8598.54
capture-20260914-231441-171786,dual,Feasycom,hci1,simultaneous R02,ZCM1,7,14,Central,5,4.787,77.121337,25.200857,7,40.95
capture-20260914-231702-274741,dual,Sena,hci0,simultaneous R03,ZCM1,7,14,Central,5,4.731,0.060394,5420.6802,5,13828.45
capture-20260914-231702-274741,dual,Feasycom,hci1,simultaneous R03,ZCM1,7,14,Central,5,4.731,72.804672,26.513429,7,55.43
capture-20260914-232327-763079,A25,TRENDnet,hci0,nearby,ZCM1,7,7,Central,5,5.696,78.200795,25.027381,7,40.93
capture-20260914-232517-024362,A25,TRENDnet,hci0,distance,ZCM1,6,6,Central,5,4.622,27.332042,100.420333,6,359.72
capture-20260914-233048-496532,A26,StarTech CSR,hci0,nearby,ZCM1,6,6,Central,5,4.604,81.132191,19.918333,6,41.43
capture-20260914-233235-349546,A26,StarTech CSR,hci0,distance,ZCM1,6,6,Central,5,4.507,32.575976,95.245,6,419.35
capture-20260914-233610-444887,A21,Plugable,hci0,nearby,ZCM1,7,7,Central,5,4.628,70.746953,31.712286,7,56.67
capture-20260914-234302-344536,dual,Feasycom hci0,hci0,nearby,ZCM1,6,12,Central,5,4.59,86.095774,18.210667,6,35.39
capture-20260914-234302-344536,dual,Feasycom hci1,hci1,nearby,ZCM1,6,12,Central,5,4.59,83.045566,19.993333,6,40.05
capture-20260914-234502-682325,dual,Feasycom hci0,hci0,distance,ZCM1,6,12,Central,5,4.576,47.862052,54.469667,6,220.53
capture-20260914-234502-682325,dual,Feasycom hci1,hci1,distance,ZCM1,6,12,Central,5,4.576,53.034359,45.473667,6,292.51
